id,name,time,leve,location(仅镇馆之宝有),size,material,describe(仅镇馆之宝有),relic_url,img_url
0,弩机,秦,一级文物,,长15.3厘米，宽3.5厘米，高16.2厘米；重0.800千克,其他,,https://www.sxhm.com/collections/detail/410.html,https://www.sxhm.com/Uploads/Picture/2021/11/11/s618c7eba48d28.png
1,旟鼎,西周,一级文物,1972年眉县杨家村铜器窖藏出土,通高77厘米，口径56.5厘米，重78.5公斤,铜器,"内壁共铸铭文四行，28字，大意是说：某年八月初，王姜将原赐予师栌的土地收回，转赐给旟，旟便做此鼎纪念。铭文反映了“普天之下，莫非王土；率土之滨，莫非王臣”的土地占有制形态。承袭商代圆鼎风格，造型厚重庄严，纹饰十分精美，口沿下方饰有兽面纹，以雷纹为底纹（雷纹是一种带有方折角的回旋曲线）。
西周时期，统治者为了巩固政权，实行分封制，将人民和疆土，分封给各诸侯国，周天子是最高的土地所有者，可以将土地和耕种土地的人，任意赐给他的下属，也有权将土地收回，其臣属对君王所赐的土地只有使用权而没有所有权。旟鼎内壁的铭文是研究西周初期土地制度的重要资料，具有珍贵的历史及艺术价值，同时铭文铸刻时代明确，被公认为周康王时的断代标准器。",https://www.sxhm.com/collections/detail/411.html,https://www.sxhm.com/Uploads/Picture/2021/11/10/s618ba95b44034.png
2,陶骑马乐俑（吹号角）,十六国,一级文物,,长36厘米，高39厘米；重3.210千克,陶器,,https://www.sxhm.com/collections/detail/412.html,https://www.sxhm.com/Uploads/Picture/2021/11/10/s618b9623ac3e1.png
3,玉辟邪,汉,一级文物,,长8.1厘米，高3.9厘米；重0.176千克,玉石器,,https://www.sxhm.com/collections/detail/413.html,https://www.sxhm.com/Uploads/Picture/2021/11/10/s618b96fbc457d.png
4,北魏彩绘骑马武士俑,南北朝,一级文物,,通高37.8厘米，长33.5厘米；重3.129千克,雕塑造像,,https://www.sxhm.com/collections/detail/414.html,https://www.sxhm.com/Uploads/Picture/2021/11/10/s618ba4cc256d5.png
5,“升平十三年”错金泥筩,十六国·前凉,一级文物,,高11.9厘米，口径7.8厘米；重0.682千克,其他,,https://www.sxhm.com/collections/detail/415.html,https://www.sxhm.com/Uploads/Picture/2021/11/10/s618b993c98c6d.png
6,十字形高髻女俑,北魏,一级文物,,高32厘米；重1.095千克,雕塑造像,,https://www.sxhm.com/collections/detail/416.html,https://www.sxhm.com/Uploads/Picture/2021/11/10/s618b97daecb56.png
7,鎏金佛菩萨三尊铜造像,东魏,一级文物,,高35.2厘米，宽22.5厘米；重2.729千克,雕塑造像,,https://www.sxhm.com/collections/detail/417.html,https://www.sxhm.com/Uploads/Picture/2021/11/10/s618b9811f090d.png
8,“神平三年”鎏金弥勒像,南北朝,一级文物,,高40.6厘米，宽13厘米；重3.340千克,雕塑造像,,https://www.sxhm.com/collections/detail/418.html,https://www.sxhm.com/Uploads/Picture/2021/11/10/s618b98462da70.png
9,唐鎏金铜铺首,唐,一级文物,,直径15.5厘米；重0.907千克；,铜器,,https://www.sxhm.com/collections/detail/419.html,https://www.sxhm.com/Uploads/Picture/2021/11/10/s618b99711ec47.png
10,豹纹瓦当,战国,一级文物,,径12.5厘米；重0.300千克；,石器、石刻、砖瓦,,https://www.sxhm.com/collections/detail/420.html,https://www.sxhm.com/Uploads/Picture/2021/11/10/s618ba1cf36d94.png
11,唐列戟图,唐,一级文物,,长141厘米，宽164厘米；重50.000千克；,壁画,,https://www.sxhm.com/collections/detail/421.html,https://www.sxhm.com/Uploads/Picture/2021/11/10/s618b998d2f85a.png
12,尖底瓶,新石器时代,一级文物,,高４０厘米，口径５.５厘米；重2.100千克；,陶器,,https://www.sxhm.com/collections/detail/422.html,https://www.sxhm.com/Uploads/Picture/2021/11/10/s618b97fd944c5.png
13,兽面纹壶,新石器时代,一级文物,,高２８厘米，口径２厘米，底径８厘米，腹径１５厘米；重1.320千克；,陶器,,https://www.sxhm.com/collections/detail/423.html,https://www.sxhm.com/Uploads/Picture/2021/11/10/s618b990100d9c.png
14,铜剑,秦,一级文物,,长91.5厘米，宽3.1厘米；重0.675千克；,铜器,,https://www.sxhm.com/collections/detail/424.html,https://www.sxhm.com/Uploads/Picture/2021/11/10/s618ba1dd98757.png
15,唐彩绘双环望仙髻女舞俑,唐,一级文物,,高39.8厘米；重0.912千克；,陶器,,https://www.sxhm.com/collections/detail/425.html,https://www.sxhm.com/Uploads/Picture/2021/11/16/s619371613060a.png
16,跪射俑,秦,一级文物,,高111厘米；重80.000千克；,雕塑造像,,https://www.sxhm.com/collections/detail/426.html,https://www.sxhm.com/Uploads/Picture/2021/11/10/s618ba1eba1eb5.png
17,人面鱼纹盆,新石器时代,一级文物,,高22厘米，口径44厘米；重3.366千克；,陶器,,https://www.sxhm.com/collections/detail/427.html,https://www.sxhm.com/Uploads/Picture/2021/11/10/s618b998a058ef.png
18,彩绘雁鱼灯,汉,一级文物,,高53.5厘米，长34厘米；重4.978千克,铜器,,https://www.sxhm.com/collections/detail/428.html,https://www.sxhm.com/Uploads/Picture/2021/11/10/s618b9b5fd9b56.png
19,“上林”铜鉴,汉,一级文物,,通耳高47.5厘米，口径65厘米，腹深38厘米，底径33.5厘米；重35.220千克,铜器,,https://www.sxhm.com/collections/detail/429.html,https://www.sxhm.com/Uploads/Picture/2021/11/21/s619a1c31813ba.png
20,彩绘跽坐女俑,汉,一级文物,,高33厘米；重3.849千克,雕塑造像,,https://www.sxhm.com/collections/detail/430.html,https://www.sxhm.com/Uploads/Picture/2021/11/10/s618b9bbd1cda5.png
21,玉五铢,汉,一级文物,,直径2.45厘米，孔径0.8厘米，厚0.2厘米；重0.002千克,玉石器,,https://www.sxhm.com/collections/detail/432.html,https://www.sxhm.com/Uploads/Picture/2021/11/10/s618b9c0313216.png
22,四神规矩纹铜镜,汉,一级文物,,直径16.5厘米；重0.630千克,铜器,,https://www.sxhm.com/collections/detail/433.html,https://www.sxhm.com/Uploads/Picture/2021/11/10/s618b9c28e4266.png
23,三彩梳妆女坐俑,唐,一级文物,,通高48.5厘米；重2.645千克；,陶器,,https://www.sxhm.com/collections/detail/434.html,https://www.sxhm.com/Uploads/Picture/2021/11/16/s61937178d4134.png
24,玉璋,新石器时代,一级文物,,长48.3厘米，宽8厘米，厚1厘米；重0.408千克；,玉石器,,https://www.sxhm.com/collections/detail/435.html,https://www.sxhm.com/Uploads/Picture/2021/11/19/s61971acc2a3df.png
25,青铜鹅,秦,一级文物,,高92厘米，长97厘米，底座宽46厘米，长35厘米；重26.000千克；,铜器,,https://www.sxhm.com/collections/detail/436.html,https://www.sxhm.com/Uploads/Picture/2021/11/11/s618cb4255806d.png
26,鎏金铁芯铜龙,唐,一级文物,,高34厘米，长28厘米；重2.800千克；,铜器,,https://www.sxhm.com/collections/detail/437.html,https://www.sxhm.com/Uploads/Picture/2021/11/10/s618b9ab2391cb.png
27,陶壶,西周,一级文物,,通高40.3厘米，口径9.7厘米；重3.347千克；,陶器,,https://www.sxhm.com/collections/detail/438.html,https://www.sxhm.com/Uploads/Picture/2021/11/10/s618b9ad43f3ed.png
28,独孤信多面体煤精组印,西魏,一级文物,1981年陕西省旬阳县出土 ,高4.5厘米，宽4.35厘米，重7.57克,其他,"这枚印章是由26个大小不一的正方形和三角形组成的多面体，其中14个正方形印面上刻着规范的楷书阴文。印章由煤精刻制而成，煤精也称煤玉，是褐煤的一种变种，以低等植物为主，也有部分高等植物遗体组成的腐植腐泥混合煤。这枚印章的主人是西魏八柱国之一、鲜卑族上层人物独孤信，原名独孤如愿。
印文的内容可分为三大类：公文用印，如“大都督印”、“大司马印”、“柱国之印”、“令”、“密”等；上书用印，如“臣信上疏”、“臣信上章”等；书简用印，如“独孤信白书”、“信启事”等。多面体印章使得这位身兼数职的独孤信使用起来十分方便。独孤信不仅自身战功赫赫，他的女儿也很有名。他有7个女儿，其中大女儿嫁给了北周的明帝，成为周明敬后；七女儿嫁给了隋开国皇帝杨坚，是历史上以嫉妒著称的隋文献后；四女儿嫁给了唐代开国皇帝李渊的父亲。因此他作了连续三个朝代的国丈或太上国丈，所以人们戏称他为“中国古代第一老丈人”。不过正因为有此渊源，所以隋唐两代最高统治者身上都流淌有少数民族的血液，因此大唐盛世吸纳各方精髓、接受异族文化就没有太多的心理障碍，这也成为隋唐两代社会开放、民族平等的前提之一。",https://www.sxhm.com/collections/detail/439.html,https://www.sxhm.com/Uploads/Picture/2021/11/10/s618b9af2a3267.png
29,西周碳化高粱,周,一级文物,,2厘米×0.8厘米；重0.031千克；,其他,,https://www.sxhm.com/collections/detail/441.html,https://www.sxhm.com/Uploads/Picture/2021/11/10/s618b9b1a77d0c.png
30,秘色瓷五曲花口盘,唐,一级文物,,高4.6厘米，口径25厘米；重0.694千克；,瓷器,,https://www.sxhm.com/collections/detail/442.html,https://www.sxhm.com/Uploads/Picture/2021/11/10/s618b9b5608de6.png
31,牛尊,周,一级文物,,通高24厘米，长38厘米，腹深10.7厘米；重6.750千克；,铜器,,https://www.sxhm.com/collections/detail/443.html,https://www.sxhm.com/Uploads/Picture/2021/11/10/s618b9b555556e.png
32,四鸾衔绶纹金银平脱镜,唐,一级文物,,直径22.9厘米，厚0.3-0.6厘米；重1.464千克；,铜器,,https://www.sxhm.com/collections/detail/444.html,https://www.sxhm.com/Uploads/Picture/2021/11/10/s618b9b974e23b.png
33,饕餮纹四足鬲,商,一级文物,,高22.8厘米，口径21厘米，腹深16厘米；重4.750千克；,铜器,,https://www.sxhm.com/collections/detail/445.html,https://www.sxhm.com/Uploads/Picture/2021/11/10/s618b9b96273e9.png
34,多友鼎,西周,一级文物,1980年陕西长安斗门镇出土,通高51.5厘米，口径50厘米，腹深31厘米，重35千克,铜器,"青铜器发展到西周中晚期，形制逐渐趋向定制，尤其在进入晚期以后，各类铜器都进入了整齐划一的时代。以青铜鼎为例，这一时期的青铜鼎主要只有两种形制。一种是克鼎类，主要特征是盆形体，腹宽大而呈扁体形，蹄足上部一般有兽面装饰，装饰纹样一般为环带纹和窃曲纹，散伯车父鼎属于此类；另一种为毛公鼎形，主要以半球形体、蹄足为特征，装饰纹样简单，一般仅以弦纹、重环纹或窃曲纹装饰，多友鼎就属于这一类。
多友鼎，半球形体，器腹较深，蹄足。装饰花纹简单，仅在器腹上部装饰两道弦纹。器内壁有铭文二百七十余字，是建国以来陕西地区出土铭文最多的青铜器之一。铭文记载的是西周厉王时期与猃狁的一场战争。猃狁此次入侵危及京畿腹地，厉王命令武公派遣多友率兵迎击，激战半个月，先后在采阝、龚、世、杨冢等地战斗，共打了四次大仗，都取得了胜利。杀掉敌军三百余人，俘获二十多人，缴获战车一百二十七辆，夺回了被掳去的人民，将猃狁逐出了周境。武公将多友的战绩报告给了厉王，厉王给予以多友重赏，赐给多友青铜一百多钧。多友特铸此鼎以纪念这件事情。
西周晚期的青铜器铭文，许多都记载着周人反击猃狁的事件。猃狁是西周时期北方地区重要的民族之一，与西周王朝经常发生战争。当时的猃狁是西北主要的边患，时常侵扰周，劫掠财物、人口，严重威胁着周王朝的统治。
在铭文中涉及到猃狁的铜器中，多友鼎是最为重要的一件。这篇铭文对战争的原因、过程以及结果都进行了详细的介绍。这些资料对研究西周晚期的历史、西周晚期同北方少数民族的关系及古文字研究、历史地理研究等都有重要的参考价值。",https://www.sxhm.com/collections/detail/446.html,https://www.sxhm.com/Uploads/Picture/2021/11/10/s618ba93522b65.png
35,三彩胡人牵马俑,唐,一级文物,,高38.7厘米；重0.685千克；,陶器,,https://www.sxhm.com/collections/detail/448.html,https://www.sxhm.com/Uploads/Picture/2021/11/10/s618b9bdb314d8.png
36,方形圆孔铜建筑构件,秦,一级文物,,长21.2厘米，宽21.2厘米，高11.6厘米,铜器,,https://www.sxhm.com/collections/detail/449.html,https://www.sxhm.com/Uploads/Picture/2021/11/17/s6194bb1cc758b.png
37,五孔玉刀,新石器时代,一级文物,,长77厘米，宽32.4厘米，厚0.9厘米，孔径1.6厘米；重4.165千克；,玉石器,,https://www.sxhm.com/collections/detail/450.html,https://www.sxhm.com/Uploads/Picture/2021/11/17/s6194b361f25ee.png
38,玉组佩,西周,一级文物,,总长72厘米；重0.105千克；,玉石器,,https://www.sxhm.com/collections/detail/451.html,https://www.sxhm.com/Uploads/Picture/2021/11/10/s618b9c4b0dd40.png
39,金怪兽,战国至西汉,一级文物,,高15厘米；重0.220千克,金银器,,https://www.sxhm.com/collections/detail/452.html,https://www.sxhm.com/Uploads/Picture/2021/11/10/s618b9c9a43ff7.png
40,银虎,战国至西汉,一级文物,,长11.5厘米，宽7.2厘米；重0.088千克,金银器,,https://www.sxhm.com/collections/detail/454.html,https://www.sxhm.com/Uploads/Picture/2021/11/10/s618b9cdee9313.png
41,灰陶男立俑,元,一级文物,,高29厘米；重0.766千克；,雕塑造像,,https://www.sxhm.com/collections/detail/455.html,https://www.sxhm.com/Uploads/Picture/2021/11/10/s618b9c9ec5c69.png
42,青铜龙,战国,一级文物,,长2.3米；重75.000千克；,铜器,,https://www.sxhm.com/collections/detail/456.html,https://www.sxhm.com/Uploads/Picture/2021/11/11/s618cb401b1194.png
43,陶骑马俑,元,一级文物,,通高42厘米，长36厘米；重3.696千克；,雕塑造像,,https://www.sxhm.com/collections/detail/457.html,https://www.sxhm.com/Uploads/Picture/2021/11/10/s618b9d0f8f9ca.png
44,幻方铁板,元,一级文物,,长14厘米，宽14厘米；重1.317千克；,铁器及其他金属器,,https://www.sxhm.com/collections/detail/458.html,https://www.sxhm.com/Uploads/Picture/2021/11/10/s618b9d5a5e475.png
45,铜方升,秦,一级文物,,柄长13厘米，口边长14厘米，底边长12.5厘米，高5.5厘米；重0.760千克；,其他,,https://www.sxhm.com/collections/detail/459.html,https://www.sxhm.com/Uploads/Picture/2021/11/10/s618ba236e254f.png
46,陶相扑俑,金,一级文物,,高29.4厘米；重2.292千克；,陶器,,https://www.sxhm.com/collections/detail/460.html,https://www.sxhm.com/Uploads/Picture/2021/11/10/s618b9da95d848.png
47,陶马,秦,一级文物,,长211厘米，最高168厘米；重290.000千克；,陶器,,https://www.sxhm.com/collections/detail/461.html,https://www.sxhm.com/Uploads/Picture/2021/11/11/s618cb3eac4c98.png
48,黑釉“油滴”碗,宋,一级文物,陕西渭南出土,高8.5cm，口径30cm，底径10.6cm,瓷器,灰白胎。敞口，腹由口至底渐收，圈足。黑釉。碗内有因窑变形成的油滴状结晶体。油滴釉碗出土较多，但如此大口径的油滴碗并不多见。,https://www.sxhm.com/collections/detail/462.html,https://www.sxhm.com/Uploads/Picture/2021/11/10/s618ba9e52edb0.png
49,皇后玉玺,汉,一级文物,1968年陕西省咸阳市韩家湾狼家沟出土,边长2.8厘米，高2厘米，重0.033千克,玉石器,"国宝级文物。玉玺印面为正方形，上雕一只螭（chī）虎形象做纽，四面刻有云纹，印面篆书“皇后之玺”四个字，书体流畅，刀法自然娴熟，可见当时的篆刻艺术已达到了高超的水平。此玉玺质地为新疆和田的羊脂玉，温润洁白、有着凝脂般的光泽，极具观赏性。
我国最早的印章实物发现于安阳殷墟，是商代晚期物品。秦统一后，确立玺印制度，规定帝后印章称“玺”，其余均称“印”。据《汉官旧仪》记载：“皇帝六玺，皆白玉螭虎钮。”还记载：“皇后之玺，文与帝同。皇后之玺，金螭虎钮。”螭虎是一种神话动物，像龙有耳无角，用螭虎做钮表示君临天下，威服臣官的绝对权威。从这件“皇后之玺”的质地、钮式和文字来看，应该是属于西汉的物品。又因它的出土地点距汉高祖和皇后吕雉合葬墓东侧有一千米，由此推测它很可能是吕后生前所用的印章。“皇后之玺”是迄今发现唯一的汉代皇后玉玺，对研究秦汉帝后玺印制度有着十分重要的意义。",https://www.sxhm.com/collections/detail/466.html,https://www.sxhm.com/Uploads/Picture/2021/11/10/s618ba90851f52.png
50,客使图,唐,一级文物,1971年乾县唐章怀太子墓出土,高185厘米，宽242厘米,壁画,"《客使图》位于章怀太子墓道东壁，画面中共有六位人物，前三位是唐朝鸿胪寺官员，均穿着初唐时期的朝服，头戴笼冠，身穿阔袖红袍，白裙曳地，腰系绶带，手持笏板，足登朝天履，呈三角状站立。三人气度沉稳，雍容自如，神情肃穆，面面相对，似乎正在商讨事宜。后面三位，为首一人秃顶，浓眉深目，高鼻阔嘴，身穿翻领紫袍，腰间束带，足穿黑靴，推断应是来自东罗马的使节。中间一人面庞丰圆，须眉清晰，朱唇，头戴尖状小冠，冠前涂红色，旁边加插鸟羽，身穿宽袖红领白短袍，下穿大口裤、黄皮靴，推断是来自朝鲜半岛的新罗国使节。最后一位头戴翻耳皮帽，圆脸，身着圆领黄袍，腰间束黑带，外披灰蓝大氅，下穿黄色毛皮窄裤、黄皮靴，应来自我国东北靺鞨族。这三位使者均躬身,毕恭毕敬,谦卑的神情中流露出期盼、等待之意。",https://www.sxhm.com/collections/detail/468.html,https://www.sxhm.com/Uploads/Picture/2021/11/10/s618ba9b14aa6d.png
51,鎏金舞马衔杯纹银壶,唐,一级文物,1970年西安市南郊何家村窖藏出土,通高14.8厘米，口径2.3厘米，重549克,金银器,"从外形上看，壶身呈扁圆形，是模仿我国北方游牧民族契丹族使用的皮囊壶制作而成。唐朝初期政权统一，很多少数民族移居中原，其中包括很多契丹族人。而这件文物恰是少数民族文化与中原文化交流和融合的产物。其次，此壶的制作工艺非常独特。壶盖帽为捶揲成型的覆式莲瓣，顶中心铆有一个银环，环内套接了一条长14厘米的银链与提梁相连，壶肩部焊接着一端有三朵花瓣的像弓剑形状的提梁。壶身是先将一整块银板捶打出壶的大致形状，再以模压的方法在壶腹两面模出两匹相互对应奋首鼓尾、衔杯匐拜的舞马形象，然后再将两端黏压焊接，反复打磨致平，几乎看不出焊接的痕迹。
      而更为珍贵的还要数壶身上的两匹祝寿马，这里面还蕴含着悠久厚重的历史文化，唐玄宗在位后期越发的骄奢淫逸，纵情于声色犬马之中，天宝年间，每逢“千秋节”皇帝的生日都会在兴庆宫期的勤政楼前，举行盛大的宴会，接受文武百官、外国使臣和少数民族首领的朝贺，并以舞马助兴。这时上百匹舞马披金戴银，伴随着《倾杯乐》曲的节拍，跃然起舞，奋首鼓尾，舞姿翩翩。高潮时，舞马跃上三层高的床板旋转如飞。而此时领头的舞马便会衔起地上盛满酒的酒杯到玄宗面前祝寿。唐代许多文人曾写下很多关于舞马的诗句如“屈膝衔杯赴节，倾心献寿无疆，更有衔杯终宴曲，垂头掉尾醉如泥”都是形容舞马衔杯祝寿这一独特的宫廷娱乐活动。而这盛大的宫廷祝寿活动在天宝十四载，发生了历史性的转折。安史之乱爆发后，唐玄宗弃城而逃，这批舞马散落到安禄山的一名大将田成嗣手中。有一天，军中宴乐，舞马听见乐曲声应节拍跃然起舞，士兵见状误以为是妖孽，田成嗣命士兵将舞马鞭打而死。
      此后，盛行一时的舞马衔杯宫廷祝寿舞的形式在历史的变革中永远的销声匿迹了，但这件银壶却成为大唐王朝的兴衰最好的见证。",https://www.sxhm.com/collections/detail/469.html,https://www.sxhm.com/Uploads/Picture/2021/11/10/s618ba98fcbe8b.png
52,鎏金鎏银铜竹节熏炉,汉,一级文物,陕西兴平茂陵无名冢丛葬坑出土,高58厘米，口径9厘米，底径13.3厘米，重2.57千克,铜器,"这件熏炉为青铜质地，通体鎏金鎏银。熏炉的底座上透雕着两条蟠龙，两条龙昂首张口咬住竹柄。竹节形的柄分为五节，节上还刻着竹叶，柄的上端有三条蟠龙将熏炉托起。熏炉为博山形，炉体下部雕饰蟠龙纹，底色鎏银，龙身鎏金，炉体上部浮雕四条金龙，龙首回顾，龙身从波涛中腾出，线条流畅，造型奇妙。整件熏炉被分为三个装饰区域，共有九条龙装点其间。“九”在我国古代象征最高数字，是皇权的一种体现。炉盖外侧铭文可知，此炉是西汉皇家未央宫的生活用器。从同时出土的“阳信家”刻铭的铜器分析，加之历史文献的记载，得知这件熏炉原在未央宫，建元五年（前136年），汉武帝将其赏赐给姐姐阳信长公主。
我国自古就有熏香的习俗，战国时人们就在室内放置各种熏炉，一方面净化环境，另一方面人们认为袅袅香烟就像进入了飘渺的仙境。这件竹节熏炉的炉盖形似多层山峦，云雾缥缈，再加以金银勾勒，宛如一幅秀美的山景。青烟袅袅飘出，缭绕炉体，造成了一种山景朦胧，群山灵动的效果，仿佛是传说中的海上“博山”。西汉时，封建帝王为了求得长生不老之术，大都信奉方士神仙之说，博山炉就是在这种风气影响下产生的，并在汉代广为流行。",https://www.sxhm.com/collections/detail/505.html,https://www.sxhm.com/Uploads/Picture/2021/11/19/s61971c7950cd1.png
53,鎏金鹦鹉纹提梁银罐,唐,一级文物,1970年西安市南郊何家村窖藏出土,高24.2厘米，口径12.4厘米，底径14.3厘米，重1879克,金银器,鎏金鹦鹉纹提梁银罐罐体中心以鹦鹉纹作为主体纹饰，鹦鹉抬首，展翅，翘尾，栩栩如生。折枝花团围绕着鹦鹉，将器物簇拥而绕，形成一种生机盎然的景象。鹦鹉在唐代被称为“神鸟”，其毛色多彩而艳丽，能学人言，因而刺激了唐人的好奇心和想象力，受到了唐人的格外喜爱。受此影响，鹦鹉成为地方和邻国向大唐王朝所敬贡品之一。器身其余空白处用鱼子纹填满象征着多子多福。花纹平錾，纹饰鎏金。银罐的肩部有一提梁，提梁能自由活动。研究人员打开罐盖，惊奇的发现在银罐盖子内有墨书“紫英五十两，白英十二两”。紫石英、白石英均为矿石类药物，是炼丹的重要原料。由此可判断，此罐应为何家村储存药物而用，盖子经过转动盖合非常严密。古人认为用金银器盛放炼丹药物可以提高其药效，因此在何家村发现的药材均盛放在金银器中。这件银罐体现出唐代工匠丰富的艺术想象力。,https://www.sxhm.com/collections/detail/506.html,https://www.sxhm.com/Uploads/Picture/2021/11/10/s618bcca2800d9.png
54,马球图,唐,一级文物,1971年乾县唐章怀太子墓出土,高分别为195厘米、195厘米、202厘米、225厘米、180厘米； 宽分别为153厘米、158厘米、104厘米、156厘米、186厘米,壁画,"此图绘制于唐章怀太子墓墓道西壁，共绘二十余骑马人物，均着深浅两色窄袖长袍，戴幞头，穿黑靴。画面着重描绘了5个持偃月形球杖的骑者驱马争球的瞬间。最前一骑反身击球状，其余纵马迎击，作拼抢之态。其后数十骑人马拥簇着或行或止。行者骑枣红色马，有的山间奔行，有的驰骋腾空；止者着淡绿色或红色翻领衣，伫目凝神，作观望状。背景衬以起伏山峦，5棵疏落的古树点缀在空旷的画面上，显得空间阔大。全图布局严谨，重点突出，气韵生动。作者以洒脱自如的画笔，通过线条色彩，把人物活动的姿势和马奔驰的体态，描摹得栩栩如生，使球场上紧张激烈的气氛溢于画面，给人以强烈的艺术感染力。体现出唐代画师娴熟的绘画技巧和匠心独具的艺术构思。
马球，又称“波罗球”，本源于波斯（今伊朗），经由丝绸之路东传至中国。唐代皇室为健身娱乐，大兴力倡，广为普及。有关马球运动的资料过去只见于文献的零散记载，这幅《马球图》以写实的风格，真实地再现了昔日马球运动的场面和风貌，是研究唐代马球运动的重要资料。
章怀太子名李贤，是唐高宗李治第六子，武则天所生。唐文明元年（公元684年）被武则天流放巴州，后被逼自杀。中宗神龙二年（公元706年），诏以雍王身份陪葬乾陵。景云二年（公元711年）追赠章怀太子，并重开墓室，与妃房氏合葬。章怀太子墓墓葬规格高，文物丰富精美。墓中壁画不仅有极高的艺术价值，而且有很重要的历史价值。其中《马球图》、《狩猎出行图》、《客使图》等是唐代壁画艺术的杰作。",https://www.sxhm.com/collections/detail/507.html,https://www.sxhm.com/Uploads/Picture/2021/11/10/s618bcd9bdc382.png
55,青瓷提梁倒灌壶,五代,一级文物,1968年陕西彬县出土,高18.3cm，腹径14.3cm,瓷器,伏凤式提梁，以花蒂象征壶盖。盖、壶衔接处堆塑哺乳母子狮，母狮张口为流。球形壶腹刻饰缠枝牡丹。底部中心有梅花形注水孔，造型奇巧，是耀窑瓷器出类拔萃的珍品。,https://www.sxhm.com/collections/detail/508.html,https://www.sxhm.com/Uploads/Picture/2021/11/10/s618bcebe45d34.png
56,三彩载乐骆驼俑,唐,一级文物,1959年西安市西郊中堡村唐墓出土,通高58厘米，驼高48.5厘米,陶器,"骆驼站在长方形底座上，引颈长嘶，驼背上的驮架为一平台，铺有色彩斑斓的毛毯，共有八名乐手。其中七名男乐手身着汉服，手持胡人不同乐器，面朝外盘腿坐着演奏，中间有一站立女子正在歌唱，显然这是一个流动演出团。唐代艺术家用浪漫的手法将舞台设置在驼背上，可谓匠心独具。
唐代的开放，迎来了世界各地的人们，他们带来的各种奇珍异宝，让唐代人爱不释手；带来的异域音乐和舞蹈，使唐朝人喜不自禁。能歌善舞的各国艺人在唐代首都长安这个大舞台上，尽情演绎着人们对太平盛世的赞美和对美好生活的追求。这件载乐骆驼俑表现了一个以驼代步、歌唱而来的巡回乐团，有主唱、有伴奏，骆驼背上放置一平台。一般人坐在高高的骆驼背上都有点心惊肉跳，而这七个人却围着圈坐在平台边沿上演奏，个个神态坦然，全神贯注，沉浸在美妙的音乐中，达到了忘我的境界。尤其是那位唱歌的女子，你看她梳着唐朝妇女典型的发型，身穿高束腰的长裙，线条流畅，头向上扬，右臂动作优美，神态优雅、自信，骆驼在走，她却站在乐队中间婉转歌唱，显然已是唱到了动情之处。整件作品中人物形象个个生动鲜活，连骆驼也显得沉稳有加，好似踏着乐步徐徐行进。
西安地区出土的大量唐代表现乐舞艺术的陶俑与众多的文献资料一起，为我们再现了那个伟大时代震撼人心的乐舞之声。它穿越时空，久久回荡在历史的各个角落里。直到今天，当我们看着这个驼背上的乐队时，耳边又似乎回响起了盛唐时期那优美的歌声和动人的旋律。",https://www.sxhm.com/collections/detail/509.html,https://www.sxhm.com/Uploads/Picture/2021/11/10/s618bcfa48fb19.png
57,宫女图,唐,一级文物,1960年乾县唐永泰公主墓出土,高177厘米，宽198厘米,壁画,这幅是绘制在永泰公主墓前室东壁南侧的《宫女图》，高177厘米，宽198厘米，保存最完整，也最为动人，是唐墓壁画中反映女性形象最完美的一幅。图中描绘了九位风姿绰约的宫女，头梳高髻，肩披纱巾，长裙曳地，个个体态丰盈，婀娜多姿。她们手捧方盒、酒杯、拂尘、如意、团扇、蜡烛等，在为首女官的引领下款款徐行，或低语、或回顾、或凝神，描绘得细致入微，生动传神。,https://www.sxhm.com/collections/detail/510.html,https://www.sxhm.com/Uploads/Picture/2021/11/10/s618bd055ab45d.png
58,五祀卫鼎,周,一级文物,1975年陕西省岐山董家村青铜器窖藏出土,通高37.2厘米，口径32.7厘米，腹深19.3厘米，重11.500千克,铜器,鼎造型简单大方，内壁铸有铭文19行共207个字，讲述了西周中期一件土地交易事件。大意是说西周共王五年的正月，一个叫裘卫的人想与他的邻居邦君厉交换土地，于是他把这件事报告给刑伯、伯邑父、定伯等大臣。经过询问，邦君厉表示同意并立下誓言，大臣便命令三有司（司徒、司马、司空）以及内吏实地勘察、划定地界并办理了手续。这篇铭文反映出西周中期部分土地实际已属私有，但土地的转让、交换和买卖，仍需通过王朝重臣。同时这篇铭文中有确切纪年，因此五祀卫鼎是判断西周中期青铜器的标准器，非常珍贵。,https://www.sxhm.com/collections/detail/511.html,https://www.sxhm.com/Uploads/Picture/2021/11/10/s618bd16723a30.png
59,镶金兽首玛瑙杯,唐,一级文物,1970年西安市南郊何家村窖藏出土,高6.5厘米，长15.6厘米，口径5.6厘米,玉石器,"这件玛瑙杯是用一块罕见的五彩缠丝玛瑙雕刻而成，造型写实、生动，杯体是模仿兽角的形状，杯子的前部雕刻为牛形兽首，双眼圆睁，炯炯有神，刻画的神形皆肖。兽嘴处镶金，起到画龙点睛的作用，其实这是酒杯的塞子，取下塞子，酒可以从这儿流出。头上的一对羚羊角呈螺旋状弯曲着与杯身连接，在杯口沿下又恰到好处地装饰有两条圆凸弦，线条流畅自然。这件酒杯材料罕见珍贵，是极其稀有的缠丝玛瑙，材质纹理细腻，层次分明。工匠又巧妙利用材料的自然纹理与形状进行雕刻，“依色取巧，随形变化”。细微处刻画的惟妙惟肖，栩栩如生，是至今所见唐代唯一的一件俏色玉雕，其选材、设计和工艺都极其完美，是唐代玉器作工最精湛的一件，在我国是绝无仅有的。
这件玛瑙杯的产地目前学术界仍有争议，但其造型是西方一种叫“来通”的酒具却成为专家学者的共识。“来通”是希腊语的译音，有流出的意思，大多做成兽角形。一般在酒杯的底部有孔，液体可以从孔中流出，功能如同漏斗，用来注神酒，当时人们相信用它来注酒可以防止中毒，举起“来通”将酒一饮而尽是向神致敬的表示，因此也常用于礼仪和祭祀活动。这种造型的酒具在中亚、西亚，特别是萨珊波斯（今伊朗）十分常见，在中亚等地的壁画中也有出现。在我国，从唐代以前的图像资料来看，这种酒具常出现在胡人的宴饮场面中，唐朝贵族以追求新奇为时尚，而这件器物的出土也是唐朝贵族崇尚胡风，模仿新奇的宴饮方式的见证。",https://www.sxhm.com/collections/detail/512.html,https://www.sxhm.com/Uploads/Picture/2021/11/10/s618bd2146ecf6.png
60,阙楼仪仗图,唐,一级文物,1971年乾县唐懿德太子墓出土,"长305厘米,宽298厘米",壁画,"阙楼图绘制于懿德太子墓。懿德太子李重润是唐中宗长子（公元682年—公元701年），也是中宗李显与韦皇后所生的唯一的儿子。大足元年被武则天处死，公元705年中宗重新即帝位后，追赠其为懿德太子，将其灵柩从洛阳迁回乾陵陪葬，并给予“号墓为陵”的最高礼遇。1971年发掘。墓全长100.8米，由墓道、6个过洞、7个天井、8个小龛、前甬道、后甬道、前墓室、后墓室八部分组成。如此规模宏大的墓葬中，随葬品十分丰富，出土各类文物多达1000余件，壁画近400平米。这些壁画堪称初唐至盛唐具有代表性的绘画流派杰作，在唐代绘画真品中极为罕见。
    墓道东西两侧绘制有两幅阙楼图，阙楼是宫门前的标志性建筑。它由高到低共分三层，表明此阙楼为三出阙，这超出了太子本应使用二重阙的标准，显然是由于“号墓为陵”而使用了皇帝的阙楼规格。在三出阙之后是一座角楼，与侧面的城墙相连。唐代的城墙为夯土筑成，城墙上“凸”字形的建筑称为“马面”，是城墙上的防御工事。画面颜色以赭色（艳红色）为主，绿色为辅，红、黄、青色点缀其间，体现了盛唐时期绘画技巧的高超水平。",https://www.sxhm.com/collections/detail/513.html,https://www.sxhm.com/Uploads/Picture/2021/11/19/s61971b796742a.png
61,鸳鸯莲瓣纹金碗,唐,一级文物,1970年西安市南郊何家村窖藏出土,一件高5.5厘米，口径13.7厘米，足径6.8厘米，重392克；另一件高5.6厘米，口径13.5厘米，足径6.8厘米，重391克,金银器,"两碗造型、纹饰均相同。纯金质，捶揲制作，造型饱满庄重。侈口，弧腹，圜底，喇叭形圈足。器壁捶作出上下两层向外凸鼓的莲花瓣纹，每层十片，上下轮廓相合。每一个莲瓣单元里都錾刻有装饰图案，上层主题是动物纹，有鸳鸯、野鸭、鹦鹉、狐狸等。下层是单一的忍冬花装饰图案。莲瓣上空白处装饰飞禽和云纹。鱼子纹底。两碗内壁分别墨书“九两半”、“九两三”，应是碗的重量。墨书标重显示两碗重量略有差异，但现今天平实测重量相同。
碗在唐代金银器中的数量很大，形制变化也颇多。主要有折腹碗、弧腹碗、多曲碗、带盖碗。大多数为银质，金碗很少，最有名的当数这两件鸳鸯莲瓣纹金碗。在唐代，金碗有时还被用作酒器，如与鸳鸯莲瓣纹金碗同时出土的舞马衔杯纹皮囊式银壶上，舞马口衔之酒杯，就与金碗的形状相同。文献中也有唐代用金碗盛酒的记载，如《唐摭言》卷十五载：“王源中，文宗时为翰林承旨学士。暇日与诸昆季蹴鞠于太平里第，球子击起，误中源中之额，薄有所损。俄有急召，比至，上讶之，源中具以上闻。上曰：‘卿大雍睦！’遂赐酒两盘，每盘贮十金碗，每碗容一升许，宣令并碗赐之。源中饮之无余，略无醉态。”鉴于此，有学者认为应把鸳鸯莲瓣纹金碗看作饮酒之器。
金银器皿壁面捶揲出凸凹起伏的多瓣装饰，最早起源于公元前六世纪地中海沿岸的希腊罗马，后来的西亚和中亚的金银器制作继承了这一风格。公元五世纪至六世纪，捶揲技术非常成熟的粟特银器中，就大量使用凸鼓的多瓣纹作为装饰。初期是瓣数较多水滴形的分瓣，后来又演变出桃形的分瓣。唐代，随着丝绸之路上东西方交往的密切，大量工艺精良的西方金银器的传入，尤其是许多粟特金银工匠进入内地，深刻地影响了中国金银加工工艺的发展。中国金银器皿上也接受了这种凸凹多瓣的作风。但是这种接受不是被动的、全盘的，而是在吸收过程中加入了符合中国传统美学的一些元素，如改变了西方银器中过于夸张的造型，使之线条尽量柔和流畅，在装饰上也采取了西方银器很少见到的外表通体装饰的手法，使之更具有中国本土的特点。这两件金碗流畅的莲瓣、稳重的双重结构和华丽的纹饰，是典型的唐代艺术风格。当然，其对西方金银器造型的借鉴和改造也体现了唐代中西文化的交流融合与唐人的创新精神。",https://www.sxhm.com/collections/detail/514.html,https://www.sxhm.com/Uploads/Picture/2021/11/10/s618bd3d9b36cc.png
62,狩猎出行图,唐,一级文物,1971年乾县唐章怀太子墓出土,高209厘米，通长277.5厘米,壁画,"此图绘于章怀太子墓墓道东壁。全图由40多个骑马人物、2只骆驼、5株古树和山石所组成，场景壮阔，构图别致。在古木森森的大道上，先有四骑手策马由北向南作先导，接着，在一持猴旗的骑者后面是左右数十骑并列，中间簇拥着一圆脸微带胡须的人物，双目前视，神态自若，身着蓝色长袍，骑一高大白马，似为出行队伍的主人。其后又是十数骑奔马紧紧跟随。最后是辎重骆驼和马队。猎骑者佩弓带箭，有的架鹰，有的抱犬，还有的携带驯化的猎豹和猞猁。画面色彩鲜艳，构图气势磅礴，宏伟壮观，形象塑造细腻传神，表现出了相当高的绘画水平，属唐墓壁画中不可多得的上乘之作。
狩猎活动是唐代帝王和皇室贵戚最为喜好的健身娱乐活动之一。唐代帝王对狩猎活动的重视，也使狩猎活动成为唐代绘画的重要题材。武则天时的画家曹元廓“师于阎（立本），工骑猎人马山水”；唐玄宗时期的画家韦无忝以画鞍马异兽而著称，曾奉诏在长安城玄武门画唐玄宗射猎一箭中两猪的场面。这些名画今俱已失传，章怀太子墓的这幅狩猎出行图，正可补画史之不足。同时，它对封建统治者大行狩猎活动的写实性描摹，也为我们真实地再现了唐代皇亲贵族的生活场景，是研究唐代王室生活的珍贵资料。",https://www.sxhm.com/collections/detail/515.html,https://www.sxhm.com/Uploads/Picture/2021/11/10/s618bd4b13b23b.png
63,错金杜虎符,战国,一级文物,1973年西安市南郊北沈家桥村出土,高4.4厘米，长9.5厘米，厚0.7厘米，重0.08公斤,铜器,"杜虎符为左半符，虎作行走状，昂首，尾巴蜷曲。背面有槽，颈上有一小孔。虎符上有错金铭文9行共40字，字体为小篆，内容大意是：右半符掌握在国君手中，左半符在杜地军事长官手中，凡要调动50人以上的带甲兵士，杜地的左符就要与君王的右符相合，才能行动。但遇上烽火报警的紧急情况，不必会君王的右符。铭文反映出秦以“右”为尊，秦国的军权高度集中，凡征调50人以上的兵士必须经国君认可。
虎符作为中国历史上调兵遣将的凭证起源很早，信陵君“窃符救赵”的故事说明至少在战国时期虎符已经行用。而且从记载可知战国时期各国君主为把持军权都实行了类似的制度。",https://www.sxhm.com/collections/detail/518.html,https://www.sxhm.com/Uploads/Picture/2021/11/11/s618c855ae386e.png
64,鎏金铜蚕,西汉,一级文物,1984年12月石泉县前池乡谭家湾出土,通长5.6厘米，腹围1.9厘米，胸高1.8厘米，重10克,铜器,"鎏金铜蚕，全身首尾共计九个腹节，胸脚、腹脚、尾脚均完整，体态为仰头或吐丝状，制作精致，造型逼真。
鎏金铜蚕出土于石泉县。据《石泉县志》记载，此地古代养蚕业就很兴盛。由于当时养蚕之风盛行，加之鎏金工艺的发展，因而，有条件以鎏金蚕作纪念品或殉葬品。汉代的养蚕缫丝业达到高峰。大的作坊，均为官府经营，织工多达数千人，丝织品颜色鲜艳，花纹多样，做工极为精致。西汉丝织品不仅畅销国内，而且能途径西亚行销中亚和欧洲，中国通往西域的商路以“丝绸之路”驰名于世界。",https://www.sxhm.com/collections/detail/731.html,https://www.sxhm.com/Uploads/Picture/2021/11/19/s6197243fcc5ae.png
